0.00,0.00,0.00,0.00,0.00,0.00,0.00,0.00,0.00,0.00,0.00,0.00,0.00,0.00,0.00,0.00,0.00,0.00,0.00,0.00,0.00,0.00,0.00,0.00,0.00,0.00,0.00,0.00,0.00,0.00,0.00,0.00,0.00,0.00,0.00,0.00,0.00,0.00,0.00,0.00,0.00,0.00,0.00,0.00,0.00,0.00,0.00,0.00,0.00,0.00,0.00,0.00,0.00,0.00,0.00,0.00,0.00,0.00,0.00,0.00,0.00,0.00,0.00,0.00,0.00,0.00,0.00,0.00,0.00,0.00,0.00,0.00,0.00,0.00,0.00,0.00,0.00,0.00,0.00,0.00,0.00,0.00,0.00,0.00,0.00,0.00,0.00,0.00,0.00,0.00,0.00,0.00,0.00,0.00,0.00,0.00,0.00,0.00,0.00,0.00,0.00,0.00,0.00,0.00,0.00,0.00,0.00,0.00,0.00,0.00,0.00,0.00,0.00,0.00,0.00,0.00,0.00,0.00,0.00,0.00,0.00,0.00,0.00,0.00,0.00,0.00,0.00,0.00,0.00,0.00,0.00,0.00,0.00,0.00,0.00,0.00,0.00,0.00,0.00,0.00,0.00,0.00,0.00,0.00,0.00,0.00,0.00,0.00,0.00,0.00,,0.00,0.00,
0.00,0.00,0.00,0.00,0.00,0.00,0.00,0.00,0.00,0.00,0.00,0.00,0.00,0.00,0.00,0.00,0.00,0.00,0.00,0.00,0.00,0.00,0.00,0.00,0.00,0.00,0.00,0.00,0.00,0.00,0.00,0.00,0.00,0.00,0.00,0.00,0.00,0.00,0.00,0.00,0.00,0.00,0.00,0.00,0.00,0.00,0.00,0.00,0.00,0.00,0.00,0.00,0.00,0.00,0.00,0.00,0.00,0.00,0.00,0.00,0.00,0.00,0.00,0.00,0.00,0.00,0.00,0.00,0.00,0.00,0.00,0.00,0.00,0.00,0.00,0.00,0.00,0.00,0.00,0.00,0.00,0.00,0.00,0.00,0.00,0.00,0.00,0.00,0.00,0.00,0.00,0.00,0.00,0.00,0.00,0.00,0.00,0.00,0.00,0.00,0.00,0.00,0.00,0.00,0.00,0.00,0.00,0.00,0.00,0.00,0.00,0.00,0.00,0.00,0.00,0.00,0.00,0.00,0.00,0.00,0.00,0.00,0.00,0.00,0.00,0.00,0.00,0.00,0.00,0.00,0.00,0.00,0.00,0.00,0.00,0.00,0.00,0.00,0.00,0.00,0.00,0.00,0.00,0.00,0.00,0.00,0.00,0.00,0.00,0.00,,0.00,0.00,
0.00,0.00,0.00,0.00,0.00,0.00,0.00,0.00,0.00,0.00,0.00,0.00,0.00,0.00,0.00,0.00,0.00,0.00,0.00,0.00,0.00,0.00,0.00,0.00,0.00,0.00,0.00,0.00,0.00,0.00,0.00,0.00,0.00,0.00,0.00,0.00,0.00,0.00,0.00,0.00,0.00,0.00,0.00,0.00,0.00,0.00,0.00,0.00,0.00,0.00,0.00,0.00,0.00,0.00,0.00,0.00,0.00,0.00,0.00,0.00,0.00,0.00,0.00,0.00,0.00,0.00,0.00,0.00,0.00,0.00,0.00,0.00,0.00,0.00,0.00,0.00,0.00,0.00,0.00,0.00,0.00,0.00,0.00,0.00,0.00,0.00,0.00,0.00,0.00,0.00,0.00,0.00,0.00,0.00,0.00,0.00,0.00,0.00,0.00,0.00,0.00,0.00,0.00,0.00,0.00,0.00,0.00,0.00,0.00,0.00,0.00,0.00,0.00,0.00,0.00,0.00,0.00,0.00,0.00,0.00,0.00,0.00,0.00,0.00,0.00,0.00,0.00,0.00,0.00,0.00,0.00,0.00,0.00,0.00,0.00,0.00,0.00,0.00,0.00,0.00,0.00,0.00,0.00,0.00,0.00,0.00,0.00,0.00,0.00,0.00,,0.00,0.00,
0.00,0.00,0.00,0.00,0.00,0.00,0.00,0.00,0.00,0.00,0.00,0.00,0.00,0.00,0.00,0.00,0.00,0.00,0.00,0.00,0.00,0.00,0.00,0.00,0.00,0.00,0.00,0.00,0.00,0.00,0.00,0.00,0.00,0.00,0.00,0.00,0.00,0.00,0.00,0.00,0.00,0.00,0.00,0.00,0.00,0.00,0.00,0.00,0.00,0.00,0.00,0.00,0.00,0.00,0.00,0.00,0.00,0.00,0.00,0.00,0.00,0.00,0.00,0.00,0.00,0.00,0.00,0.00,0.00,0.00,0.00,0.00,0.00,0.00,0.00,0.00,0.00,0.00,0.00,0.00,0.00,0.00,0.00,0.00,0.00,0.00,0.00,0.00,0.00,0.00,0.00,0.00,0.00,0.00,0.00,0.00,0.00,0.00,0.00,0.00,0.00,0.00,0.00,0.00,0.00,0.00,0.00,0.00,0.00,0.00,0.00,0.00,0.00,0.00,0.00,0.00,0.00,0.00,0.00,0.00,0.00,0.00,0.00,0.00,0.00,0.00,0.00,0.00,0.00,0.00,0.00,0.00,0.00,0.00,0.00,0.00,0.00,0.00,0.00,0.00,0.00,0.00,0.00,0.00,0.00,0.00,0.00,0.00,0.00,0.00,,0.00,0.00,
0.00,0.00,0.00,0.00,0.00,0.00,0.00,0.00,0.00,0.00,0.00,0.00,0.00,0.00,0.00,0.00,0.00,0.00,0.00,0.00,0.00,0.00,0.00,0.00,0.00,0.00,0.00,0.00,0.00,0.00,0.00,0.00,0.00,0.00,0.00,0.00,0.00,0.00,0.00,0.00,0.00,0.00,0.00,0.00,0.00,0.00,0.00,0.00,0.00,0.00,0.00,0.00,0.00,0.00,0.00,0.00,0.00,0.00,0.00,0.00,0.00,0.00,0.00,0.00,0.00,0.00,0.00,0.00,0.00,0.00,0.00,0.00,0.00,0.00,0.00,0.00,0.00,0.00,0.00,0.00,0.00,0.00,0.00,0.00,0.00,0.00,0.00,0.00,0.00,0.00,0.00,0.00,0.00,0.00,0.00,0.00,0.00,0.00,0.00,0.00,0.00,0.00,0.00,0.00,0.00,0.00,0.00,0.00,0.00,0.00,0.00,0.00,0.00,0.00,0.00,0.00,0.00,0.00,0.00,0.00,0.00,0.00,0.00,0.00,0.00,0.00,0.00,0.00,0.00,0.00,0.00,0.00,0.00,0.00,0.00,0.00,0.00,0.00,0.00,0.00,0.00,0.00,0.00,0.00,0.00,0.00,0.00,0.00,0.00,0.00,,0.00,0.00,
0.00,0.00,0.00,0.00,0.00,0.00,0.00,0.00,0.00,0.00,0.00,0.00,0.00,0.00,0.00,0.00,0.00,0.00,0.00,0.00,0.00,0.00,0.00,0.00,0.00,0.00,0.00,0.00,0.00,0.00,0.00,0.00,0.00,0.00,0.00,0.00,0.00,0.00,0.00,0.00,0.00,0.00,0.00,0.00,0.00,0.00,0.00,0.00,0.00,0.00,0.00,0.00,0.00,0.00,0.00,0.00,0.00,0.00,0.00,0.00,0.00,0.00,0.00,0.00,0.00,0.00,0.00,0.00,0.00,0.00,0.00,0.00,0.00,0.00,0.00,0.00,0.00,0.00,0.00,0.00,0.00,0.00,0.00,0.00,0.00,0.00,0.00,0.00,0.00,0.00,0.00,0.00,0.00,0.00,0.00,0.00,0.00,0.00,0.00,0.00,0.00,0.00,0.00,0.00,0.00,0.00,0.00,0.00,0.00,0.00,0.00,0.00,0.00,0.00,0.00,0.00,0.00,0.00,0.00,0.00,0.00,0.00,0.00,0.00,0.00,0.00,0.00,0.00,0.00,0.00,0.00,0.00,0.00,0.00,0.00,0.00,0.00,0.00,0.00,0.00,0.00,0.00,0.00,0.00,0.00,0.00,0.00,0.00,0.00,0.00,,0.00,0.00,
0.24,0.00,0.00,0.00,0.00,0.00,0.00,0.00,0.00,0.00,0.00,0.00,0.00,0.00,0.00,0.00,0.00,0.00,0.00,0.00,0.00,0.00,0.00,0.00,0.00,0.00,0.00,0.00,0.00,0.00,0.38,0.24,0.09,0.00,0.00,0.00,0.00,0.00,0.00,0.00,0.00,0.00,0.00,0.00,0.00,0.00,0.00,0.00,0.00,0.00,0.00,0.00,0.00,0.00,0.00,0.00,0.00,0.00,0.00,0.00,0.24,0.09,0.00,0.00,0.00,0.00,0.00,0.00,0.00,0.00,0.00,0.00,0.00,0.00,0.00,0.00,0.00,0.00,0.00,0.00,0.00,0.00,0.00,0.00,0.00,0.00,0.00,0.00,0.00,0.00,0.00,0.00,0.00,0.00,0.00,0.00,0.00,0.00,0.00,0.00,0.00,0.00,0.00,0.00,0.00,0.00,0.00,0.00,0.00,0.00,0.00,0.00,0.00,0.00,0.00,0.00,0.00,0.00,0.00,0.00,0.09,0.00,0.00,0.00,0.00,0.00,0.00,0.00,0.00,0.00,0.00,0.00,0.00,0.00,0.00,0.00,0.00,0.00,0.00,0.00,0.00,0.00,0.00,0.00,0.00,0.00,0.00,0.00,0.00,0.00,,0.01,0.05,5.100
248.79,223.84,210.83,129.45,101.33,171.10,115.38,163.85,76.11,194.17,206.90,157.90,138.59,235.96,201.74,165.31,147.68,161.15,159.07,80.70,218.36,222.58,232.33,218.31,210.90,219.66,165.73,131.11,228.86,153.63,159.07,125.45,94.01,214.20,147.49,149.61,156.52,167.41,168.34,186.06,119.33,132.35,201.43,241.52,244.38,192.98,239.64,214.91,198.34,210.53,181.25,232.88,105.65,164.25,218.99,237.09,248.32,245.19,224.89,210.75,88.00,185.39,153.19,71.66,132.71,145.53,159.67,248.69,81.61,92.12,59.62,226.79,112.70,180.37,235.40,215.34,202.15,217.33,238.50,113.66,151.04,118.68,129.12,214.26,235.13,170.74,234.54,231.22,208.33,234.64,226.49,207.84,163.02,216.48,226.93,228.26,211.69,140.82,104.04,113.99,212.35,214.56,143.68,199.40,160.75,132.29,120.17,109.70,45.31,109.19,138.88,172.93,102.93,89.32,91.39,93.35,182.27,178.49,145.09,197.22,80.50,64.94,99.41,231.49,46.04,182.36,156.87,109.67,133.58,229.22,229.59,154.45,166.03,202.24,207.35,198.40,180.33,145.17,88.36,156.91,157.22,201.39,165.70,235.23,202.09,95.05,205.44,218.74,182.30,198.89,,170.77,51.60,0.302
383.87,475.12,401.43,323.04,251.21,287.07,231.28,256.71,178.57,515.17,487.04,465.59,428.88,521.74,514.49,352.84,226.00,335.91,503.59,304.47,495.45,512.63,522.34,504.16,523.16,521.31,521.27,475.01,519.59,446.13,443.84,262.61,117.69,185.01,485.69,319.59,242.96,407.60,298.28,472.38,345.24,242.22,498.98,511.87,228.44,429.12,491.37,510.89,535.20,363.34,229.30,546.04,317.61,535.46,491.97,541.89,544.42,536.95,540.92,535.66,285.71,431.09,418.31,121.28,187.73,345.94,455.85,504.54,364.83,429.88,86.84,472.58,347.52,311.51,486.27,538.74,513.67,426.21,489.06,240.37,184.96,179.95,223.90,458.18,517.23,529.25,532.72,534.65,529.97,528.31,523.61,442.01,448.04,471.18,450.42,514.64,470.26,400.17,374.01,305.75,426.47,483.65,504.33,518.16,480.52,275.94,173.25,203.66,80.76,203.53,371.32,477.85,226.23,214.90,138.73,370.81,447.16,360.49,431.35,493.16,127.83,126.43,280.38,334.92,353.83,355.61,454.86,251.69,412.44,472.27,525.54,461.74,368.09,480.22,492.69,475.65,357.94,461.18,208.59,396.74,321.91,509.21,385.11,521.47,519.61,219.34,516.45,520.98,517.06,514.69,,397.34,125.39,0.316
626.27,723.46,704.91,393.54,600.34,386.06,299.04,534.01,374.13,721.10,662.81,690.90,699.57,714.44,632.58,520.14,446.50,501.99,670.22,339.29,738.52,698.82,739.83,735.37,697.20,731.04,719.49,711.13,733.38,564.52,529.60,321.66,149.68,352.92,409.88,474.98,325.72,720.95,371.89,552.41,486.84,561.60,749.40,746.82,205.50,600.66,415.94,689.96,672.65,605.26,262.54,766.25,757.65,723.33,690.29,757.17,758.26,756.95,718.12,750.03,461.18,649.20,538.38,161.00,270.86,601.20,559.26,622.78,512.97,669.64,128.77,684.61,690.33,531.45,723.07,751.15,691.57,652.58,752.39,395.91,291.36,267.37,467.48,685.45,756.32,750.63,738.08,749.25,744.01,741.68,725.88,661.47,698.86,715.22,693.50,690.04,673.56,422.32,259.07,463.47,534.23,715.78,711.36,696.82,693.44,316.25,145.52,408.22,232.22,407.43,597.39,639.76,521.34,317.40,227.76,625.15,390.50,453.55,623.82,696.54,267.75,241.26,431.43,554.51,498.87,725.64,435.17,282.83,418.86,693.95,737.46,580.67,470.57,712.92,443.94,554.41,581.98,680.81,289.65,535.85,664.63,741.18,538.86,735.27,729.23,236.35,729.08,735.92,734.73,732.02,,567.39,174.29,0.307
799.78,864.71,744.94,556.35,546.76,505.06,334.08,492.75,392.60,844.35,724.59,791.76,812.02,720.95,561.19,607.50,576.01,706.12,788.55,398.15,838.47,811.92,813.77,834.54,815.46,866.75,867.37,855.94,866.17,766.62,398.13,668.45,147.67,409.75,727.25,638.26,668.64,863.53,579.51,613.80,677.62,539.36,705.64,854.96,223.82,793.91,521.39,870.94,806.94,792.58,314.48,870.61,791.12,749.27,727.37,873.50,892.15,888.18,775.54,877.87,528.02,668.88,303.56,183.90,492.37,604.67,726.98,764.67,600.35,352.00,215.03,878.69,829.88,773.24,870.58,704.43,823.58,818.38,728.44,744.21,421.75,424.45,638.63,769.58,884.44,842.57,881.65,880.42,874.67,873.18,855.88,754.67,861.45,866.99,850.27,855.45,699.84,600.48,616.82,501.73,816.40,839.05,837.25,674.53,471.26,515.09,205.04,430.70,310.82,594.38,717.27,848.79,581.79,321.46,473.42,796.85,799.03,683.17,808.23,856.54,393.09,500.36,650.00,784.48,466.01,726.13,736.29,427.10,405.14,681.87,869.47,679.19,595.53,813.17,755.10,682.99,481.71,609.02,383.12,644.00,870.44,807.45,727.24,839.13,833.50,234.61,864.80,869.58,868.04,864.61,,677.19,188.48,0.278
833.61,913.38,613.89,621.03,434.82,594.95,367.61,388.67,578.50,880.32,881.78,871.27,818.59,565.72,717.83,604.41,593.78,850.07,850.39,461.69,724.67,831.79,920.46,867.82,832.45,914.49,915.26,913.71,914.22,804.45,288.41,707.94,166.38,493.03,876.50,394.95,533.59,922.46,800.73,647.81,499.06,581.37,771.11,888.73,373.19,754.44,893.37,900.23,904.71,870.98,469.76,911.29,761.70,681.21,854.04,891.05,925.84,913.20,807.00,873.86,485.31,687.61,246.00,214.71,745.57,680.17,862.67,566.52,572.33,532.63,279.93,925.91,844.13,678.64,923.87,843.48,890.85,844.10,782.20,622.34,320.46,484.51,591.52,778.32,936.31,906.67,924.22,912.28,921.01,919.59,843.70,846.06,909.44,897.46,861.98,917.56,782.96,519.92,433.81,349.63,793.81,900.16,863.29,815.34,590.68,889.15,372.26,575.34,282.01,767.36,863.15,870.59,573.31,278.60,573.99,798.25,874.39,813.75,765.65,751.28,327.93,416.25,745.24,840.39,380.48,867.32,775.97,453.77,523.20,745.42,916.41,835.17,864.98,891.57,837.20,730.78,557.98,515.20,386.98,724.96,913.82,839.15,783.35,878.50,870.26,192.03,914.27,918.69,916.73,912.93,,714.77,204.64,0.286
879.19,848.83,876.86,533.41,608.93,675.76,489.57,221.84,535.30,839.27,747.13,872.63,698.05,574.18,796.09,550.89,652.19,885.54,694.45,582.62,672.67,816.95,866.30,863.19,724.66,843.49,882.38,879.75,881.22,589.80,358.65,734.83,149.83,505.15,834.40,508.81,491.95,742.25,625.54,721.72,473.34,520.12,615.06,840.63,630.74,793.25,713.76,895.77,874.10,713.78,390.13,853.65,740.30,734.27,853.34,840.45,902.15,884.35,802.67,823.41,533.74,815.92,148.06,385.21,760.12,691.45,821.43,859.91,685.19,557.36,308.18,892.40,400.22,418.60,784.10,866.25,893.78,842.26,796.34,499.72,657.18,684.43,839.45,848.51,901.39,875.63,846.46,883.60,885.62,884.26,766.69,855.17,867.20,887.31,784.36,887.83,871.93,603.12,437.62,618.89,850.29,865.48,862.70,714.01,534.92,753.00,635.72,599.07,334.77,724.50,847.79,862.47,585.45,238.47,732.39,840.49,844.29,773.82,805.04,838.21,404.52,560.14,502.20,773.68,206.99,709.20,825.05,315.27,533.03,660.59,838.13,762.15,820.36,881.30,789.15,609.21,717.85,551.19,522.19,772.17,864.96,649.75,788.36,851.14,846.33,290.57,881.42,885.43,883.83,872.19,,705.40,182.74,0.259
754.20,743.66,620.48,575.83,522.39,595.59,298.70,147.48,482.09,735.25,712.44,768.97,483.34,512.82,680.36,471.24,650.39,764.46,612.21,650.09,471.34,737.51,772.31,732.50,713.75,768.94,769.69,772.94,739.21,571.13,497.90,585.07,155.89,506.58,736.44,483.07,654.85,673.33,491.78,647.60,384.60,336.12,679.09,682.77,713.39,706.76,667.43,782.09,789.13,679.49,435.43,791.89,630.52,787.77,781.46,670.23,775.58,762.85,770.49,640.99,418.35,586.31,147.46,367.14,694.30,620.56,690.24,673.72,733.23,731.93,299.35,764.68,419.68,493.48,283.90,767.37,790.37,782.73,573.85,709.90,613.74,665.14,621.98,745.08,771.68,773.79,773.64,765.70,776.50,770.85,764.03,746.22,704.86,779.96,604.59,773.37,772.16,543.88,420.15,663.15,765.14,774.63,764.82,621.27,613.25,533.19,482.04,478.82,289.38,717.30,666.61,715.21,636.75,255.91,652.71,769.95,739.42,720.30,721.06,751.40,392.58,632.06,608.38,742.27,183.96,732.26,750.73,336.52,510.18,595.35,734.53,722.03,727.59,785.47,730.12,669.57,639.26,389.50,365.00,688.23,759.34,663.91,690.75,701.75,735.94,408.47,775.52,778.22,777.01,714.96,,632.94,155.64,0.246
580.24,437.26,394.97,412.77,342.41,475.03,464.35,134.69,410.57,587.72,615.93,619.49,478.00,382.90,600.87,342.56,566.94,602.34,360.79,554.10,562.19,611.62,608.94,608.24,564.55,610.31,605.70,548.51,609.57,489.42,392.23,525.79,145.25,445.93,584.60,322.33,371.69,601.77,537.51,489.26,230.37,312.68,555.48,578.22,605.75,595.59,491.31,574.33,589.22,521.04,345.94,625.51,482.37,614.62,617.49,574.62,607.07,583.71,601.69,531.58,530.91,571.09,140.01,246.12,533.22,504.36,491.66,466.60,549.90,595.52,256.56,590.54,431.94,578.68,365.50,603.52,624.44,612.38,455.57,555.30,465.35,514.41,571.06,615.28,621.70,597.60,610.52,540.43,607.93,605.05,625.92,628.79,546.25,582.02,554.50,621.59,624.46,456.13,260.46,522.71,605.05,611.11,614.02,596.95,555.43,506.08,458.27,281.50,261.31,534.12,592.88,544.55,375.29,256.86,549.73,576.54,549.20,575.54,481.70,578.18,289.59,435.64,612.92,498.05,130.56,606.24,556.67,233.78,364.97,348.43,561.04,588.60,475.89,623.10,597.41,571.07,459.91,254.21,210.83,559.74,549.21,579.25,589.39,589.01,595.55,498.70,610.74,613.26,604.36,602.68,,506.86,123.42,0.243
427.93,416.06,316.93,375.94,232.17,334.93,343.45,123.43,291.86,352.88,384.33,405.48,400.02,372.13,428.10,351.53,402.44,391.49,197.55,358.19,415.41,416.00,416.28,376.49,403.80,413.27,411.48,407.85,410.05,408.29,306.64,260.89,116.01,350.05,314.28,192.55,389.75,429.63,359.91,371.85,216.26,216.65,385.27,360.41,286.36,415.52,354.42,422.27,421.20,414.34,207.76,421.70,395.55,374.43,411.93,414.21,412.86,413.88,413.04,403.58,403.13,407.62,195.96,227.65,368.79,405.95,424.09,411.35,369.37,400.89,249.43,400.72,360.56,313.86,372.83,425.81,417.34,416.31,298.09,420.78,320.81,415.86,416.45,418.28,417.44,413.81,410.15,408.95,406.54,404.49,432.60,433.55,434.17,433.58,432.76,427.81,429.76,331.22,265.39,382.80,427.57,427.19,419.17,422.52,342.73,411.95,235.12,356.84,243.80,408.51,416.27,358.00,205.53,221.76,346.20,401.67,168.11,408.51,400.73,382.72,210.66,347.16,357.00,398.41,116.83,435.13,427.49,176.71,291.37,301.44,348.13,423.72,422.85,425.22,423.94,403.99,369.78,220.55,209.19,405.52,394.64,419.36,417.27,414.44,414.62,418.79,410.95,412.92,411.25,408.91,,364.06,77.22,0.212
227.24,258.70,265.75,215.29,159.39,227.66,147.81,82.33,158.95,261.89,245.69,233.72,239.37,231.09,242.07,232.03,236.54,223.67,124.07,235.53,226.15,215.92,225.08,101.07,217.28,206.79,218.59,216.08,209.39,212.14,145.13,246.98,85.34,135.78,243.97,133.16,236.63,247.33,218.01,257.72,134.63,146.05,248.79,201.04,163.56,237.12,183.68,212.40,215.95,231.66,111.32,219.35,220.07,234.87,213.72,209.47,208.14,209.30,206.00,209.50,246.87,252.75,99.85,149.60,195.22,235.25,247.88,239.82,184.92,243.12,215.03,241.55,232.04,244.68,252.73,239.06,230.19,230.75,192.02,214.52,198.18,218.66,211.65,212.10,210.44,208.45,207.05,209.96,207.31,193.69,234.26,240.95,238.82,252.80,251.96,236.41,232.80,235.91,182.24,130.13,155.86,72.17,77.67,226.31,188.41,227.03,189.75,230.51,207.34,237.55,229.94,194.18,124.31,124.87,185.09,193.72,110.51,211.11,220.35,216.44,130.78,240.07,172.21,189.68,85.52,244.26,222.46,182.06,231.25,232.17,231.41,236.54,185.15,226.84,222.66,236.23,210.49,113.00,132.23,226.76,217.70,216.79,216.19,213.61,212.98,220.40,211.13,211.21,214.49,220.38,,204.64,43.28,0.211
90.67,90.86,99.68,92.10,55.05,117.25,62.05,80.52,98.10,108.11,103.01,100.96,92.48,97.09,88.83,85.62,76.98,62.78,55.56,91.12,90.99,81.84,73.01,53.25,68.34,26.42,42.38,50.10,77.38,64.64,85.04,92.38,63.09,81.74,96.84,95.57,110.01,106.50,91.83,116.82,63.03,82.38,90.75,93.62,47.08,86.44,88.57,72.05,62.93,63.06,70.65,64.39,63.42,80.02,76.39,64.43,65.22,64.80,61.72,74.84,105.04,104.82,46.15,52.59,93.91,107.87,92.36,89.87,80.33,94.08,103.73,97.75,94.43,72.35,93.57,91.89,86.00,81.05,88.23,69.22,86.38,70.90,67.30,58.45,61.87,63.01,68.13,67.64,60.27,52.94,79.34,83.43,75.00,100.81,92.32,80.38,87.80,99.51,85.88,42.31,38.06,42.59,36.17,37.73,46.29,83.17,98.81,75.22,34.58,84.50,87.02,66.51,52.23,32.30,42.16,68.92,39.77,80.84,71.09,80.13,69.63,84.41,95.56,104.45,40.05,99.62,101.05,82.49,104.51,100.81,97.47,87.74,93.21,83.73,84.63,93.55,95.01,50.53,74.05,79.98,67.70,79.63,65.93,73.03,77.56,75.61,74.59,76.59,78.85,79.24,,77.67,19.31,0.249
10.71,10.46,9.67,3.91,3.91,4.73,3.67,3.07,3.39,2.93,2.59,1.96,1.96,1.96,0.98,0.98,0.98,0.98,0.98,0.74,0.00,0.00,0.00,0.00,0.00,0.00,0.00,0.00,0.00,0.00,9.68,5.24,5.22,4.98,7.51,8.21,6.41,3.51,3.86,2.93,2.93,1.96,1.96,1.96,1.96,0.98,0.98,0.98,0.98,0.98,0.00,0.00,0.00,0.00,0.00,0.00,0.00,0.00,0.00,0.00,15.69,5.66,4.89,4.99,3.91,3.91,5.23,3.45,2.93,2.93,1.96,1.96,1.96,1.96,0.98,0.98,0.98,0.98,0.98,0.74,0.00,0.00,0.00,0.00,0.00,0.00,0.00,0.00,0.00,0.00,16.63,15.40,10.31,8.59,4.66,6.67,8.27,2.93,2.93,2.70,2.12,1.96,1.96,1.72,0.98,0.98,0.98,0.98,0.98,0.00,0.00,0.00,0.00,0.00,0.00,0.00,0.00,0.00,0.00,0.00,10.94,10.46,4.89,4.24,3.91,4.09,3.51,2.93,3.42,3.44,2.23,2.28,1.96,1.96,0.98,0.98,0.98,0.98,0.98,0.74,0.00,0.00,0.00,0.00,0.00,0.00,0.00,0.00,0.00,0.00,,2.46,3.28,1.335
0.00,0.00,0.00,0.00,0.00,0.00,0.00,0.00,0.00,0.00,0.00,0.00,0.00,0.00,0.00,0.00,0.00,0.00,0.00,0.00,0.00,0.00,0.00,0.00,0.00,0.00,0.00,0.00,0.00,0.00,0.00,0.00,0.00,0.00,0.00,0.00,0.00,0.00,0.00,0.00,0.00,0.00,0.00,0.00,0.00,0.00,0.00,0.00,0.00,0.00,0.00,0.00,0.00,0.00,0.00,0.00,0.00,0.00,0.00,0.00,0.00,0.00,0.00,0.00,0.00,0.00,0.00,0.00,0.00,0.00,0.00,0.00,0.00,0.00,0.00,0.00,0.00,0.00,0.00,0.00,0.00,0.00,0.00,0.00,0.00,0.00,0.00,0.00,0.00,0.00,0.00,0.00,0.00,0.00,0.00,0.00,0.00,0.00,0.00,0.00,0.00,0.00,0.00,0.00,0.00,0.00,0.00,0.00,0.00,0.00,0.00,0.00,0.00,0.00,0.00,0.00,0.00,0.00,0.00,0.00,0.00,0.00,0.00,0.00,0.00,0.00,0.00,0.00,0.00,0.00,0.00,0.00,0.00,0.00,0.00,0.00,0.00,0.00,0.00,0.00,0.00,0.00,0.00,0.00,0.00,0.00,0.00,0.00,0.00,0.00,,0.00,0.00,
0.00,0.00,0.00,0.00,0.00,0.00,0.00,0.00,0.00,0.00,0.00,0.00,0.00,0.00,0.00,0.00,0.00,0.00,0.00,0.00,0.00,0.00,0.00,0.00,0.00,0.00,0.00,0.00,0.00,0.00,0.00,0.00,0.00,0.00,0.00,0.00,0.00,0.00,0.00,0.00,0.00,0.00,0.00,0.00,0.00,0.00,0.00,0.00,0.00,0.00,0.00,0.00,0.00,0.00,0.00,0.00,0.00,0.00,0.00,0.00,0.00,0.00,0.00,0.00,0.00,0.00,0.00,0.00,0.00,0.00,0.00,0.00,0.00,0.00,0.00,0.00,0.00,0.00,0.00,0.00,0.00,0.00,0.00,0.00,0.00,0.00,0.00,0.00,0.00,0.00,0.00,0.00,0.00,0.00,0.00,0.00,0.00,0.00,0.00,0.00,0.00,0.00,0.00,0.00,0.00,0.00,0.00,0.00,0.00,0.00,0.00,0.00,0.00,0.00,0.00,0.00,0.00,0.00,0.00,0.00,0.00,0.00,0.00,0.00,0.00,0.00,0.00,0.00,0.00,0.00,0.00,0.00,0.00,0.00,0.00,0.00,0.00,0.00,0.00,0.00,0.00,0.00,0.00,0.00,0.00,0.00,0.00,0.00,0.00,0.00,,0.00,0.00,
0.00,0.00,0.00,0.00,0.00,0.00,0.00,0.00,0.00,0.00,0.00,0.00,0.00,0.00,0.00,0.00,0.00,0.00,0.00,0.00,0.00,0.00,0.00,0.00,0.00,0.00,0.00,0.00,0.00,0.00,0.00,0.00,0.00,0.00,0.00,0.00,0.00,0.00,0.00,0.00,0.00,0.00,0.00,0.00,0.00,0.00,0.00,0.00,0.00,0.00,0.00,0.00,0.00,0.00,0.00,0.00,0.00,0.00,0.00,0.00,0.00,0.00,0.00,0.00,0.00,0.00,0.00,0.00,0.00,0.00,0.00,0.00,0.00,0.00,0.00,0.00,0.00,0.00,0.00,0.00,0.00,0.00,0.00,0.00,0.00,0.00,0.00,0.00,0.00,0.00,0.00,0.00,0.00,0.00,0.00,0.00,0.00,0.00,0.00,0.00,0.00,0.00,0.00,0.00,0.00,0.00,0.00,0.00,0.00,0.00,0.00,0.00,0.00,0.00,0.00,0.00,0.00,0.00,0.00,0.00,0.00,0.00,0.00,0.00,0.00,0.00,0.00,0.00,0.00,0.00,0.00,0.00,0.00,0.00,0.00,0.00,0.00,0.00,0.00,0.00,0.00,0.00,0.00,0.00,0.00,0.00,0.00,0.00,0.00,0.00,,0.00,0.00,
0.00,0.00,0.00,0.00,0.00,0.00,0.00,0.00,0.00,0.00,0.00,0.00,0.00,0.00,0.00,0.00,0.00,0.00,0.00,0.00,0.00,0.00,0.00,0.00,0.00,0.00,0.00,0.00,0.00,0.00,0.00,0.00,0.00,0.00,0.00,0.00,0.00,0.00,0.00,0.00,0.00,0.00,0.00,0.00,0.00,0.00,0.00,0.00,0.00,0.00,0.00,0.00,0.00,0.00,0.00,0.00,0.00,0.00,0.00,0.00,0.00,0.00,0.00,0.00,0.00,0.00,0.00,0.00,0.00,0.00,0.00,0.00,0.00,0.00,0.00,0.00,0.00,0.00,0.00,0.00,0.00,0.00,0.00,0.00,0.00,0.00,0.00,0.00,0.00,0.00,0.00,0.00,0.00,0.00,0.00,0.00,0.00,0.00,0.00,0.00,0.00,0.00,0.00,0.00,0.00,0.00,0.00,0.00,0.00,0.00,0.00,0.00,0.00,0.00,0.00,0.00,0.00,0.00,0.00,0.00,0.00,0.00,0.00,0.00,0.00,0.00,0.00,0.00,0.00,0.00,0.00,0.00,0.00,0.00,0.00,0.00,0.00,0.00,0.00,0.00,0.00,0.00,0.00,0.00,0.00,0.00,0.00,0.00,0.00,0.00,,0.00,0.00,
0.00,0.00,0.00,0.00,0.00,0.00,0.00,0.00,0.00,0.00,0.00,0.00,0.00,0.00,0.00,0.00,0.00,0.00,0.00,0.00,0.00,0.00,0.00,0.00,0.00,0.00,0.00,0.00,0.00,0.00,0.00,0.00,0.00,0.00,0.00,0.00,0.00,0.00,0.00,0.00,0.00,0.00,0.00,0.00,0.00,0.00,0.00,0.00,0.00,0.00,0.00,0.00,0.00,0.00,0.00,0.00,0.00,0.00,0.00,0.00,0.00,0.00,0.00,0.00,0.00,0.00,0.00,0.00,0.00,0.00,0.00,0.00,0.00,0.00,0.00,0.00,0.00,0.00,0.00,0.00,0.00,0.00,0.00,0.00,0.00,0.00,0.00,0.00,0.00,0.00,0.00,0.00,0.00,0.00,0.00,0.00,0.00,0.00,0.00,0.00,0.00,0.00,0.00,0.00,0.00,0.00,0.00,0.00,0.00,0.00,0.00,0.00,0.00,0.00,0.00,0.00,0.00,0.00,0.00,0.00,0.00,0.00,0.00,0.00,0.00,0.00,0.00,0.00,0.00,0.00,0.00,0.00,0.00,0.00,0.00,0.00,0.00,0.00,0.00,0.00,0.00,0.00,0.00,0.00,0.00,0.00,0.00,0.00,0.00,0.00,,0.00,0.00,
,,,,,,,,,,,,,,,,,,,,,,,,,,,,,,,,,,,,,,,,,,,,,,,,,,,,,,,,,,,,,,,,,,,,,,,,,,,,,,,,,,,,,,,,,,,,,,,,,,,,,,,,,,,,,,,,,,,,,,,,,,,,,,,,,,,,,,,,,,,,,,,,,,,,,,,,,
,,,,,,,,,,,,,,,,,,,,,,,,,,,,,,,,,,,,,,,,,,,,,,,,,,,,,,,,,,,,,,,,,,,,,,,,,,,,,,,,,,,,,,,,,,,,,,,,,,,,,,,,,,,,,,,,,,,,,,,,,,,,,,,,,,,,,,,,,,,,,,,,,,,,,,,weighted CoV,,0.268180363
,,,,,,,,,,,,,,,,,,,,,,,,,,,,,,,,,,,,,,,,,,,,,,,,,,,,,,,,,,,,,,,,,,,,,,,,,,,,,,,,,,,,,,,,,,,,,,,,,,,,,,,,,,,,,,,,,,,,,,,,,,,,,,,,,,,,,,,,,,,,,,,,,,,,,,,,,0.265
