0.00,0.00,0.00,0.00,0.00,0.00,0.00,0.00,0.00,0.00,0.00,0.00,0.00,0.00,0.00,0.00,0.00,0.00,0.00,0.00,0.00,0.00,0.00,0.00,0.00,0.00,0.00,0.00,0.00,0.00,0.00,0.00,0.00,0.00,0.00,0.00,0.00,0.00,0.00,0.00,0.00,0.00,0.00,0.00,0.00,0.00,0.00,0.00,0.00,0.00,0.00,0.00,0.00,0.00,0.00,0.00,0.00,0.00,0.00,0.00,0.00,0.00,0.00,0.00,0.00,0.00,0.00,0.00,0.00,0.00,0.00,0.00,0.00,0.00,0.00,0.00,0.00,0.00,0.00,0.00,0.00,0.00,0.00,0.00,0.00,0.00,0.00,0.00,0.00,0.00,0.00,0.00,0.00,0.00,0.00,0.00,0.00,0.00,0.00,0.00,0.00,0.00,0.00,0.00,0.00,0.00,0.00,0.00,0.00,0.00,0.00,0.00,0.00,0.00,0.00,0.00,0.00,0.00,0.00,0.00,0.00,0.00,0.00,0.00,0.00,0.00,0.00,0.00,0.00,0.00,0.00,0.00,0.00,0.00,0.00,0.00,0.00,0.00,0.00,0.00,0.00,0.00,0.00,0.00,0.00,0.00,0.00,0.00,0.00,0.00,,0.00,0.00,,95% Conf. Int.,,0.00,0.00,Difference:,0.00
0.00,0.00,0.00,0.00,0.00,0.00,0.00,0.00,0.00,0.00,0.00,0.00,0.00,0.00,0.00,0.00,0.00,0.00,0.00,0.00,0.00,0.00,0.00,0.00,0.00,0.00,0.00,0.00,0.00,0.00,0.00,0.00,0.00,0.00,0.00,0.00,0.00,0.00,0.00,0.00,0.00,0.00,0.00,0.00,0.00,0.00,0.00,0.00,0.00,0.00,0.00,0.00,0.00,0.00,0.00,0.00,0.00,0.00,0.00,0.00,0.00,0.00,0.00,0.00,0.00,0.00,0.00,0.00,0.00,0.00,0.00,0.00,0.00,0.00,0.00,0.00,0.00,0.00,0.00,0.00,0.00,0.00,0.00,0.00,0.00,0.00,0.00,0.00,0.00,0.00,0.00,0.00,0.00,0.00,0.00,0.00,0.00,0.00,0.00,0.00,0.00,0.00,0.00,0.00,0.00,0.00,0.00,0.00,0.00,0.00,0.00,0.00,0.00,0.00,0.00,0.00,0.00,0.00,0.00,0.00,0.00,0.00,0.00,0.00,0.00,0.00,0.00,0.00,0.00,0.00,0.00,0.00,0.00,0.00,0.00,0.00,0.00,0.00,0.00,0.00,0.00,0.00,0.00,0.00,0.00,0.00,0.00,0.00,0.00,0.00,,0.00,0.00,,,,0.00,0.00,,0.00
0.00,0.00,0.00,0.00,0.00,0.00,0.00,0.00,0.00,0.00,0.00,0.00,0.00,0.00,0.00,0.00,0.00,0.00,0.00,0.00,0.00,0.00,0.00,0.00,0.00,0.00,0.00,0.00,0.00,0.00,0.00,0.00,0.00,0.00,0.00,0.00,0.00,0.00,0.00,0.00,0.00,0.00,0.00,0.00,0.00,0.00,0.00,0.00,0.00,0.00,0.00,0.00,0.00,0.00,0.00,0.00,0.00,0.00,0.00,0.00,0.00,0.00,0.00,0.00,0.00,0.00,0.00,0.00,0.00,0.00,0.00,0.00,0.00,0.00,0.00,0.00,0.00,0.00,0.00,0.00,0.00,0.00,0.00,0.00,0.00,0.00,0.00,0.00,0.00,0.00,0.00,0.00,0.00,0.00,0.00,0.00,0.00,0.00,0.00,0.00,0.00,0.00,0.00,0.00,0.00,0.00,0.00,0.00,0.00,0.00,0.00,0.00,0.00,0.00,0.00,0.00,0.00,0.00,0.00,0.00,0.00,0.00,0.00,0.00,0.00,0.00,0.00,0.00,0.00,0.00,0.00,0.00,0.00,0.00,0.00,0.00,0.00,0.00,0.00,0.00,0.00,0.00,0.00,0.00,0.00,0.00,0.00,0.00,0.00,0.00,,0.00,0.00,,,,0.00,0.00,,0.00
0.00,0.00,0.00,0.00,0.00,0.00,0.00,0.00,0.00,0.00,0.00,0.00,0.00,0.00,0.00,0.00,0.00,0.00,0.00,0.00,0.00,0.00,0.00,0.00,0.00,0.00,0.00,0.00,0.00,0.00,0.00,0.00,0.00,0.00,0.00,0.00,0.00,0.00,0.00,0.00,0.00,0.00,0.00,0.00,0.00,0.00,0.00,0.00,0.00,0.00,0.00,0.00,0.00,0.00,0.00,0.00,0.00,0.00,0.00,0.00,0.00,0.00,0.00,0.00,0.00,0.00,0.00,0.00,0.00,0.00,0.00,0.00,0.00,0.00,0.00,0.00,0.00,0.00,0.00,0.00,0.00,0.00,0.00,0.00,0.00,0.00,0.00,0.00,0.00,0.00,0.00,0.00,0.00,0.00,0.00,0.00,0.00,0.00,0.00,0.00,0.00,0.00,0.00,0.00,0.00,0.00,0.00,0.00,0.00,0.00,0.00,0.00,0.00,0.00,0.00,0.00,0.00,0.00,0.00,0.00,0.00,0.00,0.00,0.00,0.00,0.00,0.00,0.00,0.00,0.00,0.00,0.00,0.00,0.00,0.00,0.00,0.00,0.00,0.00,0.00,0.00,0.00,0.00,0.00,0.00,0.00,0.00,0.00,0.00,0.00,,0.00,0.00,,,,0.00,0.00,,0.00
0.00,0.00,0.00,0.00,0.00,0.00,0.00,0.00,0.00,0.00,0.00,0.00,0.00,0.00,0.00,0.00,0.00,0.00,0.00,0.00,0.00,0.00,0.00,0.00,0.00,0.00,0.00,0.00,0.00,0.00,0.00,0.00,0.00,0.00,0.00,0.00,0.00,0.00,0.00,0.00,0.00,0.00,0.00,0.00,0.00,0.00,0.00,0.00,0.00,0.00,0.00,0.00,0.00,0.00,0.00,0.00,0.00,0.00,0.00,0.00,0.00,0.00,0.00,0.00,0.00,0.00,0.00,0.00,0.00,0.00,0.00,0.00,0.00,0.00,0.00,0.00,0.00,0.00,0.00,0.00,0.00,0.00,0.00,0.00,0.00,0.00,0.00,0.00,0.00,0.00,0.00,0.00,0.00,0.00,0.00,0.00,0.00,0.00,0.00,0.00,0.00,0.00,0.00,0.00,0.00,0.00,0.00,0.00,0.00,0.00,0.00,0.00,0.00,0.00,0.00,0.00,0.00,0.00,0.00,0.00,0.00,0.00,0.00,0.00,0.00,0.00,0.00,0.00,0.00,0.00,0.00,0.00,0.00,0.00,0.00,0.00,0.00,0.00,0.00,0.00,0.00,0.00,0.00,0.00,0.00,0.00,0.00,0.00,0.00,0.00,,0.00,0.00,,,,0.00,0.00,,0.00
0.00,0.00,0.00,0.00,0.00,0.00,0.00,0.00,0.00,0.00,0.00,0.00,0.00,0.00,0.00,0.00,0.00,0.00,0.00,0.00,0.00,0.00,0.00,0.00,0.00,0.00,0.00,0.00,0.00,0.00,0.00,0.00,0.00,0.00,0.00,0.00,0.00,0.00,0.00,0.00,0.00,0.00,0.00,0.00,0.00,0.00,0.00,0.00,0.00,0.00,0.00,0.00,0.00,0.00,0.00,0.00,0.00,0.00,0.00,0.00,0.00,0.00,0.00,0.00,0.00,0.00,0.00,0.00,0.00,0.00,0.00,0.00,0.00,0.00,0.00,0.00,0.00,0.00,0.00,0.00,0.00,0.00,0.00,0.00,0.00,0.00,0.00,0.00,0.00,0.00,0.00,0.00,0.00,0.00,0.00,0.00,0.00,0.00,0.00,0.00,0.00,0.00,0.00,0.00,0.00,0.00,0.00,0.00,0.00,0.00,0.00,0.00,0.00,0.00,0.00,0.00,0.00,0.00,0.00,0.00,0.00,0.00,0.00,0.00,0.00,0.00,0.00,0.00,0.00,0.00,0.00,0.00,0.00,0.00,0.00,0.00,0.00,0.00,0.00,0.00,0.00,0.00,0.00,0.00,0.00,0.00,0.00,0.00,0.00,0.00,,0.00,0.00,,,,0.00,0.00,,0.00
28.13,20.77,30.70,28.95,32.66,28.53,26.81,22.95,7.36,25.94,18.91,28.54,13.55,12.96,14.37,9.12,20.33,18.79,23.39,23.08,22.51,25.39,15.49,17.52,8.44,23.68,25.47,18.44,13.98,16.87,25.16,27.26,18.33,17.21,10.02,15.46,22.48,26.07,23.58,9.08,9.33,20.87,25.98,20.52,23.30,26.49,14.83,17.52,20.23,20.21,18.13,20.14,20.59,18.92,17.36,19.90,18.86,16.56,17.24,17.46,27.69,24.71,30.89,29.00,25.63,10.34,28.66,21.76,30.65,24.94,30.05,24.52,26.25,28.38,21.02,19.95,16.28,22.34,21.83,25.48,25.09,20.64,25.29,19.58,22.07,23.39,20.59,20.23,14.88,20.58,29.29,29.00,20.74,28.38,25.79,21.67,16.08,23.91,9.63,15.19,17.97,26.01,26.19,21.37,22.55,16.58,20.37,18.72,22.85,25.90,26.26,24.90,24.76,20.26,19.67,19.99,20.80,20.18,20.56,15.67,24.19,23.00,23.29,20.37,17.01,23.89,17.28,22.99,20.20,20.01,26.49,24.33,23.97,27.00,25.43,24.04,17.61,24.52,17.15,18.95,17.73,20.27,18.36,20.87,20.33,20.30,19.99,18.41,15.51,18.64,,21.26,5.03,0.237,,,11.39,31.12,,19.73
263.34,259.30,260.40,266.13,276.04,267.43,219.28,180.03,104.24,105.81,91.77,141.52,81.27,48.37,137.59,39.14,53.31,121.14,169.19,83.46,153.62,204.25,44.70,78.09,81.18,192.51,243.37,85.24,120.72,96.36,245.11,258.96,94.15,140.54,135.34,73.10,156.56,242.09,209.04,75.28,59.94,103.33,185.98,170.25,161.58,124.67,175.91,188.77,178.56,124.86,121.17,151.07,185.34,137.98,152.09,159.00,156.57,84.81,120.33,154.64,239.35,222.26,259.39,233.29,255.07,136.09,181.55,200.94,263.02,181.80,251.00,238.68,231.14,257.01,203.44,44.60,51.04,98.54,160.74,122.33,193.25,213.05,202.80,211.31,194.69,218.06,89.78,78.62,111.79,249.84,236.44,269.15,115.42,252.86,234.66,220.23,134.14,128.83,54.51,48.91,101.92,191.17,230.12,117.62,181.32,53.26,102.87,73.35,166.30,165.86,150.72,218.52,245.76,105.63,111.37,103.06,155.51,125.82,146.83,96.05,224.10,178.21,199.86,104.10,87.79,200.21,130.74,235.22,170.90,183.52,217.83,176.08,230.09,222.03,219.95,162.61,180.08,173.58,135.72,145.66,202.26,194.54,180.78,174.83,207.52,195.94,198.22,145.69,214.62,181.47,,164.02,61.76,0.377,,,42.97,285.07,,242.10
522.82,498.51,480.33,516.36,490.25,501.98,421.65,498.92,295.51,288.46,172.49,267.44,197.33,102.94,389.24,83.78,112.69,326.57,367.53,284.62,204.87,464.75,107.54,154.72,167.35,504.81,476.10,264.71,323.70,284.36,363.79,501.66,218.34,330.19,168.50,139.40,444.63,495.54,475.32,140.79,99.34,413.92,401.87,262.03,388.35,199.38,409.27,374.51,380.11,222.97,321.36,292.10,367.40,268.88,222.41,313.15,354.51,345.30,152.46,340.97,506.15,476.43,500.71,492.96,472.08,180.03,511.31,280.12,474.30,454.98,397.72,507.44,513.16,512.35,388.83,200.10,178.42,324.35,302.66,332.51,385.94,357.69,469.09,410.03,482.92,437.88,385.57,128.95,328.37,482.75,511.69,523.47,269.90,516.14,415.00,410.65,313.44,333.19,170.74,104.66,223.92,502.23,369.52,189.06,231.37,89.36,261.10,94.99,408.89,441.40,444.91,470.24,461.59,216.54,228.56,269.31,441.62,334.21,278.72,237.77,434.90,421.71,440.24,127.35,213.72,392.07,345.66,454.59,421.97,466.12,458.30,463.57,430.73,427.71,475.04,391.60,381.91,354.68,268.23,390.03,367.51,441.87,362.71,432.34,444.58,455.83,402.67,360.81,428.79,460.93,,351.59,122.35,0.348,,,111.79,591.39,,479.60
684.27,634.84,642.86,703.02,687.83,604.22,501.17,658.03,470.15,678.72,275.72,262.47,406.17,103.17,457.47,111.81,343.40,534.11,447.65,476.54,410.32,585.91,191.07,226.13,317.29,685.21,666.33,359.61,524.89,426.81,598.13,686.31,258.20,650.76,434.66,207.52,672.92,677.55,396.71,198.64,120.39,378.47,393.20,330.86,516.89,447.38,636.59,515.90,503.45,248.93,523.81,519.40,541.68,544.21,336.51,380.94,502.29,480.80,194.13,566.53,671.59,684.20,684.18,654.69,683.59,269.51,699.62,381.94,647.38,284.17,554.91,696.41,693.50,692.45,590.86,434.38,485.84,549.57,418.52,646.12,674.21,605.93,653.21,580.43,618.34,626.93,574.93,132.96,438.04,636.29,674.03,706.57,557.54,645.72,561.74,663.10,680.15,648.24,195.42,122.64,324.69,642.17,555.99,472.13,302.29,133.19,457.08,159.70,576.08,499.33,578.44,654.22,605.43,434.39,259.90,304.63,589.57,527.37,565.81,425.42,656.37,616.21,637.31,258.19,510.45,604.25,609.93,645.97,553.97,655.80,671.89,651.70,674.50,572.20,627.36,489.36,496.29,494.98,315.48,618.50,471.52,619.77,492.22,580.33,619.18,651.53,579.46,552.13,651.54,666.03,,508.49,161.56,0.318,,,191.83,825.15,,633.32
817.32,806.24,791.98,813.33,800.83,657.27,679.94,739.04,726.66,807.67,535.66,397.55,310.47,219.78,355.55,143.12,722.80,753.21,470.57,681.30,589.97,716.50,232.88,320.18,222.05,782.54,740.09,467.40,605.87,527.95,657.55,799.17,303.74,747.47,428.80,276.94,781.25,728.61,578.58,151.57,139.07,376.74,767.92,431.31,773.40,470.03,738.80,740.91,702.95,478.79,427.82,521.33,411.01,691.42,452.58,469.01,647.94,411.93,305.73,775.63,804.01,811.77,814.35,783.33,787.37,376.47,715.04,617.08,754.12,296.48,692.90,779.74,669.24,795.67,518.71,692.95,218.80,739.42,766.07,777.18,800.13,786.32,796.68,748.21,741.72,752.66,795.09,214.72,675.63,562.76,815.00,822.21,783.08,812.75,594.37,744.02,608.32,786.89,299.81,140.52,563.80,633.01,567.76,431.90,378.35,148.45,413.60,207.25,754.99,583.57,485.45,792.77,666.49,551.23,295.64,412.30,542.44,708.06,775.88,589.42,767.67,728.36,718.53,512.92,424.87,724.69,736.12,787.26,590.57,789.74,741.72,784.31,779.04,675.11,767.28,586.23,611.15,728.21,371.52,653.47,685.45,737.55,717.29,776.21,745.87,783.48,754.20,751.08,782.32,780.49,,612.07,192.14,0.314,,,235.47,988.67,,753.20
861.12,837.10,856.11,864.27,845.71,829.17,837.53,794.43,818.36,806.45,752.79,514.44,307.29,292.05,493.43,197.97,757.02,553.15,667.76,628.05,453.87,707.46,215.76,459.65,284.42,811.64,776.85,508.78,792.22,552.55,793.79,849.85,737.67,821.75,590.78,420.69,838.92,759.24,693.00,267.41,149.43,423.71,832.44,569.68,802.17,738.34,767.35,784.43,598.08,654.29,545.48,661.20,787.01,743.22,713.51,424.29,483.80,608.11,374.29,817.11,833.00,839.54,854.16,847.32,850.97,256.37,647.68,696.39,794.76,562.50,807.41,484.21,711.38,848.04,822.69,640.36,165.54,755.67,813.88,838.75,810.20,843.94,839.92,726.10,807.52,847.98,821.79,245.90,796.59,620.99,863.19,865.48,854.35,842.32,639.88,806.37,576.11,713.71,299.59,166.62,665.33,485.12,383.60,307.07,316.25,157.45,409.07,283.21,821.42,671.73,591.02,827.99,714.47,574.40,306.38,381.30,571.60,636.68,807.68,813.29,857.32,773.70,845.83,695.44,416.04,782.66,836.30,844.36,403.18,837.81,797.32,841.12,832.17,725.11,781.42,651.05,655.11,734.88,465.49,798.01,643.80,828.45,750.61,839.51,822.52,808.22,825.92,839.23,843.57,844.35,,664.89,199.12,0.299,,,274.61,1055.16,,780.55
835.05,828.26,802.99,836.10,771.26,790.13,777.81,648.89,774.43,572.12,824.97,509.22,279.43,357.64,545.55,224.52,541.30,654.29,473.65,618.75,672.08,617.12,189.47,385.21,400.05,802.46,776.19,731.98,631.71,463.06,770.76,829.39,430.64,720.71,554.08,507.69,658.90,788.09,731.05,489.78,158.16,429.48,697.42,363.25,762.11,703.58,766.83,784.85,707.84,639.07,482.47,689.85,801.72,620.76,683.47,389.48,661.40,298.49,452.49,794.04,821.70,825.46,830.11,798.65,805.70,255.79,675.37,685.82,823.68,534.89,814.32,375.38,810.30,820.08,761.35,768.33,162.74,707.21,792.89,807.16,818.84,824.91,802.16,649.81,796.35,800.70,804.14,540.77,733.15,468.74,839.90,837.05,828.60,794.65,704.70,820.07,511.46,650.25,252.07,177.81,748.23,447.82,490.96,239.17,591.83,166.80,533.27,182.70,757.61,616.31,511.41,784.00,635.97,331.54,271.16,360.93,555.74,594.94,711.80,724.10,835.44,824.67,817.19,681.91,404.09,816.98,821.73,823.77,485.35,815.55,816.19,815.60,799.70,779.20,799.01,590.20,498.52,728.46,519.35,668.69,695.41,769.89,746.96,779.80,673.17,819.44,817.97,782.00,823.14,790.32,,643.55,188.85,0.293,,,273.41,1013.69,,740.28
741.08,733.20,736.57,743.79,744.27,644.01,648.52,476.23,737.85,486.48,733.96,238.55,367.43,479.50,598.65,215.09,561.99,551.14,562.88,637.50,566.91,624.68,246.29,339.13,315.57,728.38,540.22,668.16,376.09,492.08,701.20,741.29,280.82,606.66,538.89,502.99,656.95,727.97,583.66,421.74,155.21,328.26,645.74,433.30,675.94,556.87,635.37,710.74,669.65,670.95,582.92,491.70,695.28,546.56,509.93,353.35,601.02,334.52,326.96,715.75,745.68,729.59,746.55,749.93,640.33,261.20,636.26,559.34,724.71,491.52,730.75,458.27,728.22,733.36,613.88,706.43,210.69,632.99,707.67,727.67,727.57,727.89,726.38,584.48,707.10,687.22,718.00,631.14,606.41,498.37,747.29,744.57,735.84,724.84,646.92,732.10,487.27,577.17,253.71,185.69,636.14,313.63,457.56,240.69,396.66,177.45,466.63,174.30,687.31,564.27,449.97,689.18,668.14,260.28,233.13,341.62,511.54,621.82,616.15,595.76,754.03,715.64,719.65,729.05,431.79,735.16,737.28,736.82,448.24,730.26,731.74,694.04,728.95,709.54,680.17,640.84,358.63,705.64,657.88,574.88,532.54,703.89,685.14,675.61,671.33,738.69,738.64,673.80,726.24,723.02,,580.77,164.38,0.283,,,258.58,902.95,,644.37
598.26,589.90,596.95,599.94,601.28,535.04,495.76,460.13,592.71,414.42,541.52,213.88,257.57,374.75,234.61,342.49,409.34,407.09,526.26,576.72,525.13,558.87,268.35,232.05,479.68,549.48,510.14,515.05,476.06,389.62,589.85,602.55,491.64,445.80,208.95,471.20,572.95,580.26,307.27,318.91,145.92,316.83,596.12,389.95,547.98,544.95,537.65,564.25,488.95,519.97,485.89,493.81,585.20,534.46,272.81,277.93,576.52,523.72,279.20,590.13,597.93,594.94,589.78,604.68,585.44,169.46,497.12,595.92,593.87,454.12,592.03,492.18,592.94,591.19,431.76,549.96,184.39,564.34,578.29,578.86,594.31,585.32,586.90,514.70,584.43,568.95,534.46,557.07,533.45,549.22,602.38,600.26,595.21,597.98,593.45,594.54,231.22,521.84,215.10,240.25,573.63,278.23,362.48,207.54,452.92,163.38,285.07,163.21,582.66,544.93,385.97,568.40,497.06,196.16,197.77,277.38,483.95,471.35,590.70,577.95,612.84,573.24,579.17,596.77,495.02,586.57,600.25,599.61,523.94,595.05,596.72,595.57,556.92,588.43,541.36,339.35,332.32,570.29,528.34,507.65,513.26,569.90,579.46,562.92,577.61,603.92,598.71,574.56,594.88,597.24,,487.52,131.64,0.270,,,229.49,745.54,,516.05
421.84,423.21,421.92,424.05,424.51,429.48,378.47,377.94,421.38,329.91,379.57,365.49,188.02,265.77,191.97,249.56,365.01,171.32,423.30,423.86,420.90,417.10,300.53,175.80,393.69,393.02,406.46,328.43,429.69,376.18,434.71,432.31,431.35,113.82,112.30,430.43,430.52,432.99,199.06,188.72,137.23,256.50,432.02,282.24,354.54,365.59,376.07,425.05,416.21,405.39,403.20,392.61,428.33,424.93,192.52,264.71,420.04,286.04,206.67,433.99,432.27,421.12,421.84,428.03,414.47,143.68,381.00,426.74,415.99,440.37,427.63,424.65,420.30,420.37,346.67,398.81,118.21,366.97,420.74,424.29,421.65,415.09,422.02,239.33,419.15,397.37,385.29,406.29,408.31,416.26,426.07,424.81,216.25,381.55,423.90,424.88,171.59,387.79,239.78,335.45,419.45,282.56,212.61,164.32,325.39,161.85,173.29,159.49,426.21,352.84,338.72,397.16,351.61,131.16,142.37,237.18,382.51,375.13,409.41,399.19,441.08,437.00,425.06,430.20,389.26,432.73,430.92,432.24,390.64,432.59,429.99,436.94,430.80,427.47,426.35,207.36,297.52,409.35,390.54,396.71,375.91,426.56,433.42,425.36,418.65,437.19,436.39,432.10,437.02,421.77,,360.45,94.33,0.262,,,175.57,545.32,,369.76
241.68,263.36,242.34,243.94,243.25,256.92,179.35,264.37,242.94,264.94,220.51,277.16,193.55,125.89,131.83,187.34,274.49,86.17,279.42,279.87,268.33,265.16,223.21,124.41,269.11,254.06,235.89,204.93,274.91,268.24,259.24,262.52,245.34,81.06,81.36,258.99,257.81,261.97,85.77,85.90,86.89,126.13,259.44,224.67,247.61,259.81,263.00,198.38,273.42,273.23,281.49,276.99,267.48,258.94,201.46,248.09,265.79,150.74,124.84,283.34,246.93,263.36,254.79,248.81,239.45,123.02,171.29,243.37,256.05,127.81,257.51,260.80,242.83,247.06,256.17,266.49,96.06,211.72,282.92,267.74,265.75,279.42,264.24,244.52,273.47,275.08,257.13,271.75,266.14,269.66,245.43,244.78,94.98,133.84,244.58,267.46,223.14,260.25,152.30,241.14,256.07,249.21,179.92,141.00,208.25,126.47,119.94,118.57,236.03,246.05,243.77,268.36,262.50,99.19,91.04,206.08,269.51,280.16,272.78,257.48,254.60,269.40,276.35,259.12,202.53,263.64,262.03,263.85,175.56,258.84,259.74,262.93,217.72,267.31,273.45,186.62,220.52,282.19,222.36,279.80,254.64,271.58,265.57,280.34,284.69,259.26,262.07,276.64,260.87,273.37,,229.72,56.73,0.247,,,118.53,340.92,,222.39
112.78,107.00,111.31,110.83,109.23,123.29,98.95,114.44,62.33,137.42,134.44,142.93,136.54,48.77,78.92,80.32,124.56,49.09,112.30,133.90,133.40,137.42,114.38,80.94,114.40,146.90,136.21,104.16,148.68,151.91,128.86,139.93,129.85,49.71,45.82,133.56,132.19,125.12,45.09,49.77,88.86,79.17,133.36,113.27,97.83,128.06,122.84,128.78,146.48,152.01,144.18,142.22,150.03,153.37,149.04,130.14,149.01,98.52,83.71,150.73,120.71,132.80,124.05,131.50,135.45,118.49,105.10,108.63,138.08,87.05,121.71,118.96,98.62,113.28,144.42,123.81,52.71,146.14,142.66,139.79,143.57,126.96,146.28,140.49,144.17,147.01,136.46,154.20,148.31,126.90,107.17,114.36,48.53,66.41,122.38,83.09,71.40,108.32,121.74,140.57,134.64,140.27,97.11,83.77,91.30,68.40,71.51,68.66,148.11,133.28,104.08,142.00,137.65,80.34,64.80,143.64,142.91,145.02,139.85,141.43,127.76,140.68,138.15,130.55,110.38,133.59,132.73,143.56,120.39,133.78,127.79,134.74,119.33,140.23,140.72,103.62,149.35,150.05,137.30,135.31,145.85,144.53,151.83,147.80,154.62,134.03,134.97,153.25,137.87,151.49,,120.71,28.22,0.234,,,65.40,176.02,,110.62
43.72,37.09,43.86,45.12,44.99,35.65,31.91,26.25,29.31,23.63,35.14,48.32,43.08,13.69,20.10,31.22,46.24,16.21,23.37,37.20,50.51,33.80,32.63,24.33,47.45,50.66,19.32,31.62,46.14,35.83,40.17,10.85,24.71,13.68,11.92,34.49,47.58,47.83,11.83,18.22,16.16,37.24,48.12,37.47,22.33,44.24,35.49,45.79,44.92,43.92,27.82,22.00,47.68,51.14,46.26,30.27,39.59,35.83,23.59,42.60,42.26,40.64,40.60,44.03,24.48,17.65,30.20,44.78,43.68,36.85,46.49,47.12,45.78,47.24,41.82,18.69,13.99,38.24,47.42,49.78,50.18,49.06,50.97,31.47,49.44,50.57,40.98,46.61,53.27,44.21,43.85,16.48,12.06,14.68,42.46,12.95,24.27,21.01,27.76,47.83,45.83,38.66,33.32,23.23,32.31,15.57,16.06,18.66,48.41,22.55,38.18,41.79,52.23,36.41,18.57,41.06,54.53,48.38,32.11,39.80,43.42,35.05,12.22,44.52,32.90,44.19,37.95,45.17,11.74,39.68,49.52,49.52,32.71,35.62,44.09,25.73,42.01,40.07,48.30,32.61,17.57,38.28,47.05,46.45,45.63,54.57,54.85,54.21,55.37,54.79,,36.38,12.23,0.336,,,12.42,60.35,,47.93
0.00,0.00,0.00,0.00,0.00,0.00,0.00,0.00,0.00,0.00,0.00,0.00,0.00,0.00,0.00,0.00,0.00,0.00,0.00,0.00,0.00,0.00,0.00,0.00,0.00,0.00,0.00,0.00,0.00,0.00,0.00,0.00,0.00,0.00,0.00,0.00,0.00,0.00,0.00,0.00,0.00,0.00,0.00,0.00,0.00,0.00,0.00,0.00,0.00,0.00,0.00,0.00,0.00,0.00,0.00,0.00,0.00,0.00,0.00,0.00,0.00,0.00,0.00,0.00,0.00,0.00,0.00,0.00,0.00,0.00,0.00,0.00,0.00,0.00,0.00,0.00,0.00,0.00,0.00,0.00,0.00,0.00,0.00,0.00,0.00,0.00,0.00,0.00,0.00,0.00,0.00,0.00,0.00,0.00,0.00,0.00,0.00,0.00,0.00,0.00,0.00,0.00,0.00,0.00,0.00,0.00,0.00,0.00,0.00,0.00,0.00,0.00,0.00,0.00,0.00,0.00,0.00,0.00,0.00,0.00,0.00,0.00,0.00,0.00,0.00,0.00,0.00,0.00,0.00,0.00,0.00,0.00,0.00,0.00,0.00,0.00,0.00,0.00,0.00,0.00,0.00,0.00,0.00,0.00,0.00,0.00,0.00,0.00,0.00,0.00,,0.00,0.00,,,,0.00,0.00,,0.00
0.00,0.00,0.00,0.00,0.00,0.00,0.00,0.00,0.00,0.00,0.00,0.00,0.00,0.00,0.00,0.00,0.00,0.00,0.00,0.00,0.00,0.00,0.00,0.00,0.00,0.00,0.00,0.00,0.00,0.00,0.00,0.00,0.00,0.00,0.00,0.00,0.00,0.00,0.00,0.00,0.00,0.00,0.00,0.00,0.00,0.00,0.00,0.00,0.00,0.00,0.00,0.00,0.00,0.00,0.00,0.00,0.00,0.00,0.00,0.00,0.00,0.00,0.00,0.00,0.00,0.00,0.00,0.00,0.00,0.00,0.00,0.00,0.00,0.00,0.00,0.00,0.00,0.00,0.00,0.00,0.00,0.00,0.00,0.00,0.00,0.00,0.00,0.00,0.00,0.00,0.00,0.00,0.00,0.00,0.00,0.00,0.00,0.00,0.00,0.00,0.00,0.00,0.00,0.00,0.00,0.00,0.00,0.00,0.00,0.00,0.00,0.00,0.00,0.00,0.00,0.00,0.00,0.00,0.00,0.00,0.00,0.00,0.00,0.00,0.00,0.00,0.00,0.00,0.00,0.00,0.00,0.00,0.00,0.00,0.00,0.00,0.00,0.00,0.00,0.00,0.00,0.00,0.00,0.00,0.00,0.00,0.00,0.00,0.00,0.00,,0.00,0.00,,,,0.00,0.00,,0.00
0.00,0.00,0.00,0.00,0.00,0.00,0.00,0.00,0.00,0.00,0.00,0.00,0.00,0.00,0.00,0.00,0.00,0.00,0.00,0.00,0.00,0.00,0.00,0.00,0.00,0.00,0.00,0.00,0.00,0.00,0.00,0.00,0.00,0.00,0.00,0.00,0.00,0.00,0.00,0.00,0.00,0.00,0.00,0.00,0.00,0.00,0.00,0.00,0.00,0.00,0.00,0.00,0.00,0.00,0.00,0.00,0.00,0.00,0.00,0.00,0.00,0.00,0.00,0.00,0.00,0.00,0.00,0.00,0.00,0.00,0.00,0.00,0.00,0.00,0.00,0.00,0.00,0.00,0.00,0.00,0.00,0.00,0.00,0.00,0.00,0.00,0.00,0.00,0.00,0.00,0.00,0.00,0.00,0.00,0.00,0.00,0.00,0.00,0.00,0.00,0.00,0.00,0.00,0.00,0.00,0.00,0.00,0.00,0.00,0.00,0.00,0.00,0.00,0.00,0.00,0.00,0.00,0.00,0.00,0.00,0.00,0.00,0.00,0.00,0.00,0.00,0.00,0.00,0.00,0.00,0.00,0.00,0.00,0.00,0.00,0.00,0.00,0.00,0.00,0.00,0.00,0.00,0.00,0.00,0.00,0.00,0.00,0.00,0.00,0.00,,0.00,0.00,,,,0.00,0.00,,0.00
0.00,0.00,0.00,0.00,0.00,0.00,0.00,0.00,0.00,0.00,0.00,0.00,0.00,0.00,0.00,0.00,0.00,0.00,0.00,0.00,0.00,0.00,0.00,0.00,0.00,0.00,0.00,0.00,0.00,0.00,0.00,0.00,0.00,0.00,0.00,0.00,0.00,0.00,0.00,0.00,0.00,0.00,0.00,0.00,0.00,0.00,0.00,0.00,0.00,0.00,0.00,0.00,0.00,0.00,0.00,0.00,0.00,0.00,0.00,0.00,0.00,0.00,0.00,0.00,0.00,0.00,0.00,0.00,0.00,0.00,0.00,0.00,0.00,0.00,0.00,0.00,0.00,0.00,0.00,0.00,0.00,0.00,0.00,0.00,0.00,0.00,0.00,0.00,0.00,0.00,0.00,0.00,0.00,0.00,0.00,0.00,0.00,0.00,0.00,0.00,0.00,0.00,0.00,0.00,0.00,0.00,0.00,0.00,0.00,0.00,0.00,0.00,0.00,0.00,0.00,0.00,0.00,0.00,0.00,0.00,0.00,0.00,0.00,0.00,0.00,0.00,0.00,0.00,0.00,0.00,0.00,0.00,0.00,0.00,0.00,0.00,0.00,0.00,0.00,0.00,0.00,0.00,0.00,0.00,0.00,0.00,0.00,0.00,0.00,0.00,,0.00,0.00,,,,0.00,0.00,,0.00
0.00,0.00,0.00,0.00,0.00,0.00,0.00,0.00,0.00,0.00,0.00,0.00,0.00,0.00,0.00,0.00,0.00,0.00,0.00,0.00,0.00,0.00,0.00,0.00,0.00,0.00,0.00,0.00,0.00,0.00,0.00,0.00,0.00,0.00,0.00,0.00,0.00,0.00,0.00,0.00,0.00,0.00,0.00,0.00,0.00,0.00,0.00,0.00,0.00,0.00,0.00,0.00,0.00,0.00,0.00,0.00,0.00,0.00,0.00,0.00,0.00,0.00,0.00,0.00,0.00,0.00,0.00,0.00,0.00,0.00,0.00,0.00,0.00,0.00,0.00,0.00,0.00,0.00,0.00,0.00,0.00,0.00,0.00,0.00,0.00,0.00,0.00,0.00,0.00,0.00,0.00,0.00,0.00,0.00,0.00,0.00,0.00,0.00,0.00,0.00,0.00,0.00,0.00,0.00,0.00,0.00,0.00,0.00,0.00,0.00,0.00,0.00,0.00,0.00,0.00,0.00,0.00,0.00,0.00,0.00,0.00,0.00,0.00,0.00,0.00,0.00,0.00,0.00,0.00,0.00,0.00,0.00,0.00,0.00,0.00,0.00,0.00,0.00,0.00,0.00,0.00,0.00,0.00,0.00,0.00,0.00,0.00,0.00,0.00,0.00,,0.00,0.00,,,,0.00,0.00,,0.00
,,,,,,,,,,,,,,,,,,,,,,,,,,,,,,,,,,,,,,,,,,,,,,,,,,,,,,,,,,,,,,,,,,,,,,,,,,,,,,,,,,,,,,,,,,,,,,,,,,,,,,,,,,,,,,,,,,,,,,,,,,,,,,,,,,,,,,,,,,,,,,,,,,,,,,,,,,,,,,,
,,,,,,,,,,,,,,,,,,,,,,,,,,,,,,,,,,,,,,,,,,,,,,,,,,,,,,,,,,,,,,,,,,,,,,,,,,,,,,,,,,,,,,,,,,,,,,,,,,,,,,,,,,,,,,,,,,,,,,,,,,,,,,,,,,,,,,,,,,,,,,,,,,,,,,,weighted CoV,,0.296601613,,,,,,
